{"cameraMode":{"drawMode":0,"name":"Shaded","section":"Shading Mode"},"sceneLighting":true,"audioPlay":false,"sceneViewState":{"showFog":true,"showMaterialUpdate":false,"showSkybox":true,"showFlares":true,"showImageEffects":true,"showParticleSystems":true},"in2DMode":false,"pivot":{"x":24.49892807006836,"y":-18.24928092956543,"z":21.473880767822267},"rotation":{"x":0.23687663674354554,"y":0.40497520565986636,"z":-0.10946755111217499,"w":0.8763167858123779},"size":40.7252082824707,"orthographic":false}