{"cameraMode":{"drawMode":0,"name":"Shaded","section":"Shading Mode"},"sceneLighting":false,"audioPlay":false,"sceneViewState":{"showFog":true,"showMaterialUpdate":false,"showSkybox":false,"showFlares":true,"showImageEffects":true,"showParticleSystems":true},"in2DMode":false,"pivot":{"x":0.014252662658691407,"y":0.15240728855133058,"z":0.05321531742811203},"rotation":{"x":0.0008658919832669199,"y":-0.6845002770423889,"z":-0.0008169106440618634,"w":-0.7290334105491638},"size":1.165360927581787,"orthographic":false}