{"cameraMode":{"drawMode":0,"name":"Shaded","section":"Shading Mode"},"sceneLighting":true,"audioPlay":false,"sceneViewState":{"showFog":true,"showMaterialUpdate":false,"showSkybox":true,"showFlares":true,"showImageEffects":true,"showParticleSystems":true},"in2DMode":false,"pivot":{"x":-2.142228126525879,"y":-5.51052713394165,"z":10.126853942871094},"rotation":{"x":-0.29839807748794558,"y":0.13738767802715302,"z":-0.04344944655895233,"w":-0.9435113668441773},"size":23.379638671875,"orthographic":false}