{"cameraMode":{"drawMode":0,"name":"Shaded","section":"Shading Mode"},"sceneLighting":true,"audioPlay":false,"sceneViewState":{"showFog":true,"showMaterialUpdate":false,"showSkybox":true,"showFlares":true,"showImageEffects":true,"showParticleSystems":true},"in2DMode":false,"pivot":{"x":32.12581253051758,"y":54.1717414855957,"z":-91.12445068359375},"rotation":{"x":-0.016415948048233987,"y":0.9564759731292725,"z":-0.0548761785030365,"w":-0.28615114092826846},"size":4.616344928741455,"orthographic":false}