{"cameraMode":{"drawMode":0,"name":"Shaded","section":"Shading Mode"},"sceneLighting":false,"audioPlay":false,"sceneViewState":{"showFog":true,"showMaterialUpdate":false,"showSkybox":true,"showFlares":true,"showImageEffects":true,"showParticleSystems":true},"in2DMode":false,"pivot":{"x":-151.79486083984376,"y":-164.0285186767578,"z":-284.7226257324219},"rotation":{"x":-0.05202348530292511,"y":0.9428814053535461,"z":-0.2365996092557907,"w":-0.23113936185836793},"size":377.7283020019531,"orthographic":false}