{"cameraMode":{"drawMode":0,"name":"Shaded","section":"Shading Mode"},"sceneLighting":true,"audioPlay":false,"sceneViewState":{"showFog":true,"showMaterialUpdate":false,"showSkybox":true,"showFlares":true,"showImageEffects":true,"showParticleSystems":true},"in2DMode":false,"pivot":{"x":26.787761688232423,"y":-33.184627532958987,"z":47.992069244384769},"rotation":{"x":0.28648555278778078,"y":0.2948841452598572,"z":-0.09316302835941315,"w":0.9068249464035034},"size":66.51398468017578,"orthographic":false}