{"cameraMode":{"drawMode":0,"name":"Shaded","section":"Shading Mode"},"sceneLighting":true,"audioPlay":false,"sceneViewState":{"showFog":true,"showMaterialUpdate":false,"showSkybox":true,"showFlares":true,"showImageEffects":true,"showParticleSystems":true},"in2DMode":false,"pivot":{"x":0.16832876205444337,"y":0.3728940486907959,"z":-0.06433296203613281},"rotation":{"x":0.25575363636016848,"y":-0.16348539292812348,"z":0.04393009468913078,"w":0.9518193602561951},"size":3.93047833442688,"orthographic":false}