{"cameraMode":{"drawMode":0,"name":"Shaded","section":"Shading Mode"},"sceneLighting":true,"audioPlay":false,"sceneViewState":{"showFog":true,"showMaterialUpdate":false,"showSkybox":true,"showFlares":true,"showImageEffects":true,"showParticleSystems":true},"in2DMode":false,"pivot":{"x":25.146324157714845,"y":63.06234359741211,"z":-68.90850830078125},"rotation":{"x":-0.022469138726592065,"y":0.19841323792934419,"z":0.0005316967726685107,"w":-0.9803056716918945},"size":24.21969223022461,"orthographic":false}