{"cameraMode":{"drawMode":0,"name":"Shaded","section":"Shading Mode"},"sceneLighting":true,"audioPlay":false,"sceneViewState":{"showFog":true,"showMaterialUpdate":false,"showSkybox":true,"showFlares":true,"showImageEffects":true,"showParticleSystems":true},"in2DMode":false,"pivot":{"x":284.2789611816406,"y":134.01834106445313,"z":54.10223388671875},"rotation":{"x":-0.10725248605012894,"y":0.7134789228439331,"z":0.11198823153972626,"w":0.683307945728302},"size":317.7395324707031,"orthographic":false}