{"cameraMode":{"drawMode":0,"name":"Shaded","section":"Shading Mode"},"sceneLighting":false,"audioPlay":false,"sceneViewState":{"showFog":true,"showMaterialUpdate":false,"showSkybox":true,"showFlares":true,"showImageEffects":true,"showParticleSystems":true},"in2DMode":false,"pivot":{"x":-30.082443237304689,"y":25.630563735961915,"z":52.93057632446289},"rotation":{"x":0.3436397910118103,"y":-0.30943599343299868,"z":0.12104656547307968,"w":0.8784201145172119},"size":13.343619346618653,"orthographic":false}