{"cameraMode":{"drawMode":0,"name":"Shaded","section":"Shading Mode"},"sceneLighting":true,"audioPlay":false,"sceneViewState":{"showFog":true,"showMaterialUpdate":false,"showSkybox":true,"showFlares":true,"showImageEffects":true,"showParticleSystems":true},"in2DMode":false,"pivot":{"x":-476.86187744140627,"y":-786.0848388671875,"z":-800.630615234375},"rotation":{"x":0.06802897900342941,"y":-0.9271567463874817,"z":0.30550095438957217,"w":0.206318661570549},"size":1590.0860595703125,"orthographic":false}