{"cameraMode":{"drawMode":0,"name":"Shaded","section":"Shading Mode"},"sceneLighting":true,"audioPlay":false,"sceneViewState":{"showFog":true,"showMaterialUpdate":false,"showSkybox":true,"showFlares":true,"showImageEffects":true,"showParticleSystems":true},"in2DMode":false,"pivot":{"x":-90.0643310546875,"y":-120.7211685180664,"z":560.0805053710938},"rotation":{"x":-0.29305991530418398,"y":0.6851611733436585,"z":-0.3725275695323944,"w":-0.5541002750396729},"size":124.57368469238281,"orthographic":false}