{"cameraMode":{"drawMode":0,"name":"Shaded","section":"Shading Mode"},"sceneLighting":true,"audioPlay":false,"sceneViewState":{"showFog":true,"showMaterialUpdate":false,"showSkybox":true,"showFlares":true,"showImageEffects":true,"showParticleSystems":true},"in2DMode":false,"pivot":{"x":7.028745651245117,"y":-4.797173500061035,"z":-3.9937753677368166},"rotation":{"x":0.2955327332019806,"y":0.34860897064208987,"z":-0.11684221029281616,"w":0.8817510008811951},"size":24.025869369506837,"orthographic":false}