{"cameraMode":{"drawMode":0,"name":"Shaded","section":"Shading Mode"},"sceneLighting":false,"audioPlay":false,"sceneViewState":{"showFog":true,"showMaterialUpdate":false,"showSkybox":false,"showFlares":true,"showImageEffects":true,"showParticleSystems":true},"in2DMode":false,"pivot":{"x":5.960464477539063e-8,"y":0.9816803932189941,"z":0.07400000095367432},"rotation":{"x":-0.11663300544023514,"y":-0.5789470672607422,"z":0.08413373678922653,"w":-0.8026016354560852},"size":4.465360641479492,"orthographic":false}