{"cameraMode":{"drawMode":0,"name":"Shaded","section":"Shading Mode"},"sceneLighting":true,"audioPlay":false,"sceneViewState":{"showFog":true,"showMaterialUpdate":false,"showSkybox":true,"showFlares":true,"showImageEffects":true,"showParticleSystems":true},"in2DMode":false,"pivot":{"x":-115.06151580810547,"y":-109.23631286621094,"z":51.10040283203125},"rotation":{"x":-0.32617560029029848,"y":0.4085943400859833,"z":-0.15913009643554688,"w":-0.8374735116958618},"size":201.3232421875,"orthographic":false}