{"cameraMode":{"drawMode":0,"name":"Shaded","section":"Shading Mode"},"sceneLighting":false,"audioPlay":false,"sceneViewState":{"showFog":true,"showMaterialUpdate":false,"showSkybox":true,"showFlares":true,"showImageEffects":true,"showParticleSystems":true},"in2DMode":false,"pivot":{"x":33.522220611572269,"y":55.002845764160159,"z":-88.69894409179688},"rotation":{"x":-0.0678257942199707,"y":0.9135763049125671,"z":-0.18951007723808289,"w":-0.35496482253074648},"size":5.245979309082031,"orthographic":false}