{"cameraMode":{"drawMode":0,"name":"Shaded","section":"Shading Mode"},"sceneLighting":true,"audioPlay":false,"sceneViewState":{"showFog":true,"showMaterialUpdate":false,"showSkybox":true,"showFlares":true,"showImageEffects":true,"showParticleSystems":true},"in2DMode":false,"pivot":{"x":24.719223022460939,"y":-7.534611701965332,"z":5.526384353637695},"rotation":{"x":0.10611280798912049,"y":0.4982021152973175,"z":-0.06158846989274025,"w":0.8583466410636902},"size":44.99454116821289,"orthographic":false}