{"cameraMode":{"drawMode":0,"name":"Shaded","section":"Shading Mode"},"sceneLighting":true,"audioPlay":false,"sceneViewState":{"showFog":true,"showMaterialUpdate":false,"showSkybox":true,"showFlares":true,"showImageEffects":true,"showParticleSystems":true},"in2DMode":false,"pivot":{"x":144.78956604003907,"y":-78.10704803466797,"z":24.868995666503908},"rotation":{"x":-0.19004978239536286,"y":-0.6416915655136108,"z":0.16851522028446198,"w":-0.7237067222595215},"size":244.4052734375,"orthographic":false}