{"cameraMode":{"drawMode":0,"name":"Shaded","section":"Shading Mode"},"sceneLighting":true,"audioPlay":false,"sceneViewState":{"showFog":true,"showMaterialUpdate":false,"showSkybox":true,"showFlares":true,"showImageEffects":true,"showParticleSystems":true},"in2DMode":false,"pivot":{"x":36.71857833862305,"y":53.71431350708008,"z":-102.8324203491211},"rotation":{"x":-0.015645913779735566,"y":-0.9842903017997742,"z":0.13008402287960053,"w":-0.11838989704847336},"size":8.591948509216309,"orthographic":false}