{"cameraMode":{"drawMode":0,"name":"Shaded","section":"Shading Mode"},"sceneLighting":true,"audioPlay":false,"sceneViewState":{"showFog":true,"showMaterialUpdate":false,"showSkybox":true,"showFlares":true,"showImageEffects":true,"showParticleSystems":true},"in2DMode":false,"pivot":{"x":-23.69922637939453,"y":88.55852508544922,"z":613.9508056640625},"rotation":{"x":0.06892295926809311,"y":-0.013839959166944027,"z":0.0036485914606601,"w":0.9980607032775879},"size":109.35221099853516,"orthographic":false}