{"cameraMode":{"drawMode":0,"name":"Shaded","section":"Shading Mode"},"sceneLighting":true,"audioPlay":false,"sceneViewState":{"showFog":true,"showMaterialUpdate":false,"showSkybox":true,"showFlares":true,"showImageEffects":true,"showParticleSystems":true},"in2DMode":false,"pivot":{"x":15.346240043640137,"y":70.10853576660156,"z":-77.45623016357422},"rotation":{"x":0.00742916576564312,"y":0.9009991884231567,"z":-0.43356746435165408,"w":0.015417859889566899},"size":134.5420684814453,"orthographic":false}