{"cameraMode":{"drawMode":0,"name":"Shaded","section":"Shading Mode"},"sceneLighting":true,"audioPlay":false,"sceneViewState":{"showFog":true,"showMaterialUpdate":false,"showSkybox":true,"showFlares":true,"showImageEffects":true,"showParticleSystems":true},"in2DMode":false,"pivot":{"x":-5.433379650115967,"y":-8.48641586303711,"z":17.32332420349121},"rotation":{"x":0.3447349965572357,"y":-0.18551748991012574,"z":0.06970187276601792,"w":0.9175426363945007},"size":31.99894142150879,"orthographic":false}