{"cameraMode":{"drawMode":0,"name":"Shaded","section":"Shading Mode"},"sceneLighting":true,"audioPlay":false,"sceneViewState":{"showFog":true,"showMaterialUpdate":false,"showSkybox":true,"showFlares":true,"showImageEffects":true,"showParticleSystems":true},"in2DMode":false,"pivot":{"x":-29.463048934936525,"y":36.38923263549805,"z":132.4025115966797},"rotation":{"x":-0.1981746405363083,"y":0.2762652337551117,"z":-0.04772515594959259,"w":-0.9399697780609131},"size":40.623382568359378,"orthographic":false}