{"cameraMode":{"drawMode":0,"name":"Shaded","section":"Shading Mode"},"sceneLighting":true,"audioPlay":false,"sceneViewState":{"showFog":true,"showMaterialUpdate":false,"showSkybox":true,"showFlares":true,"showImageEffects":true,"showParticleSystems":true},"in2DMode":false,"pivot":{"x":36.854835510253909,"y":43.007171630859378,"z":-105.73927307128906},"rotation":{"x":-0.06308981776237488,"y":-0.8963667750358582,"z":0.41751497983932497,"w":-0.13549241423606873},"size":21.438426971435548,"orthographic":false}