{"cameraMode":{"drawMode":0,"name":"Shaded","section":"Shading Mode"},"sceneLighting":false,"audioPlay":false,"sceneViewState":{"showFog":true,"showMaterialUpdate":false,"showSkybox":false,"showFlares":true,"showImageEffects":true,"showParticleSystems":true},"in2DMode":false,"pivot":{"x":0.021521806716918947,"y":0.5639092326164246,"z":-0.07758574187755585},"rotation":{"x":0.0008658919832669199,"y":-0.6845002770423889,"z":-0.0008169106440618634,"w":-0.7290334105491638},"size":2.665360689163208,"orthographic":false}