{"cameraMode":{"drawMode":0,"name":"Shaded","section":"Shading Mode"},"sceneLighting":true,"audioPlay":false,"sceneViewState":{"showFog":true,"showMaterialUpdate":false,"showSkybox":true,"showFlares":true,"showImageEffects":true,"showParticleSystems":true},"in2DMode":false,"pivot":{"x":4.6926422119140629,"y":-2.0479607582092287,"z":3.277522087097168},"rotation":{"x":0.04615629464387894,"y":-0.9401178359985352,"z":0.14150561392307282,"w":0.3066445291042328},"size":46.91569137573242,"orthographic":false}