{"cameraMode":{"drawMode":0,"name":"Shaded","section":"Shading Mode"},"sceneLighting":true,"audioPlay":false,"sceneViewState":{"showFog":true,"showMaterialUpdate":false,"showSkybox":true,"showFlares":true,"showImageEffects":true,"showParticleSystems":true},"in2DMode":false,"pivot":{"x":8.645051956176758,"y":0.32965660095214846,"z":12.54709529876709},"rotation":{"x":-0.5693982243537903,"y":0.03252977505326271,"z":-0.02255847491323948,"w":-0.821121096611023},"size":31.97121810913086,"orthographic":false}