{"cameraMode":{"drawMode":0,"name":"Shaded","section":"Shading Mode"},"sceneLighting":true,"audioPlay":false,"sceneViewState":{"showFog":true,"showMaterialUpdate":false,"showSkybox":true,"showFlares":true,"showImageEffects":true,"showParticleSystems":true},"in2DMode":false,"pivot":{"x":45.62964630126953,"y":-40.03255081176758,"z":25.749204635620118},"rotation":{"x":0.2924417555332184,"y":0.49885085225105288,"z":-0.183512881398201,"w":0.7949784994125366},"size":71.466552734375,"orthographic":false}