{"cameraMode":{"drawMode":0,"name":"Shaded","section":"Shading Mode"},"sceneLighting":true,"audioPlay":false,"sceneViewState":{"showFog":true,"showMaterialUpdate":false,"showSkybox":true,"showFlares":true,"showImageEffects":true,"showParticleSystems":true},"in2DMode":false,"pivot":{"x":165.66326904296876,"y":483.0725402832031,"z":-138.74778747558595},"rotation":{"x":0.17237287759780885,"y":0.7544087171554565,"z":-0.21345654129981996,"w":0.5970406532287598},"size":5.151288986206055,"orthographic":false}