{"cameraMode":{"drawMode":0,"name":"Shaded","section":"Shading Mode"},"sceneLighting":true,"audioPlay":false,"sceneViewState":{"showFog":true,"showMaterialUpdate":false,"showSkybox":true,"showFlares":true,"showImageEffects":true,"showParticleSystems":true},"in2DMode":false,"pivot":{"x":19.71413803100586,"y":9.060760498046875,"z":-0.358154296875},"rotation":{"x":0.011250348761677742,"y":0.9828632473945618,"z":-0.17133641242980958,"w":0.07132681459188461},"size":224.2109375,"orthographic":false}