{"cameraMode":{"drawMode":0,"name":"Shaded","section":"Shading Mode"},"sceneLighting":true,"audioPlay":false,"sceneViewState":{"showFog":true,"showMaterialUpdate":false,"showSkybox":true,"showFlares":true,"showImageEffects":true,"showParticleSystems":true},"in2DMode":false,"pivot":{"x":-19.087894439697267,"y":20.030563354492189,"z":-3.8464584350585939},"rotation":{"x":-0.0660523995757103,"y":0.8424732685089111,"z":-0.524091899394989,"w":-0.1061956062912941},"size":218.34201049804688,"orthographic":false}