{"cameraMode":{"drawMode":0,"name":"Shaded","section":"Shading Mode"},"sceneLighting":true,"audioPlay":false,"sceneViewState":{"showFog":true,"showMaterialUpdate":false,"showSkybox":true,"showFlares":true,"showImageEffects":true,"showParticleSystems":true},"in2DMode":false,"pivot":{"x":27.241943359375,"y":-27.902008056640626,"z":12.3756742477417},"rotation":{"x":0.32708537578582766,"y":0.4848247170448303,"z":-0.20184607803821565,"w":0.7856518626213074},"size":48.650184631347659,"orthographic":false}