{"cameraMode":{"drawMode":0,"name":"Shaded","section":"Shading Mode"},"sceneLighting":true,"audioPlay":false,"sceneViewState":{"showFog":true,"showMaterialUpdate":false,"showSkybox":true,"showFlares":true,"showImageEffects":true,"showParticleSystems":true},"in2DMode":false,"pivot":{"x":5.417640686035156,"y":-0.047657012939453128,"z":3.5971298217773439},"rotation":{"x":0.06532837450504303,"y":0.3528149724006653,"z":-0.024701165035367013,"w":0.9330859184265137},"size":20.059619903564454,"orthographic":false}