{"cameraMode":{"drawMode":0,"name":"Shaded","section":"Shading Mode"},"sceneLighting":true,"audioPlay":false,"sceneViewState":{"showFog":true,"showMaterialUpdate":false,"showSkybox":true,"showFlares":true,"showImageEffects":true,"showParticleSystems":true},"in2DMode":false,"pivot":{"x":10.653972625732422,"y":-15.568613052368164,"z":27.511228561401368},"rotation":{"x":0.24292752146720887,"y":0.31127282977104189,"z":-0.08263866603374481,"w":0.9150279760360718},"size":72.96102905273438,"orthographic":false}