{"cameraMode":{"drawMode":0,"name":"Shaded","section":"Shading Mode"},"sceneLighting":true,"audioPlay":false,"sceneViewState":{"showFog":true,"showMaterialUpdate":false,"showSkybox":true,"showFlares":true,"showImageEffects":true,"showParticleSystems":true},"in2DMode":false,"pivot":{"x":1.9724888801574708,"y":-0.6318359375,"z":11.789138793945313},"rotation":{"x":-0.13231760263442994,"y":-0.19287575781345368,"z":0.026260705664753915,"w":-0.9719170928001404},"size":18.374319076538087,"orthographic":false}