{"cameraMode":{"drawMode":0,"name":"Shaded","section":"Shading Mode"},"sceneLighting":false,"audioPlay":false,"sceneViewState":{"showFog":true,"showMaterialUpdate":false,"showSkybox":false,"showFlares":true,"showImageEffects":true,"showParticleSystems":true},"in2DMode":false,"pivot":{"x":5.960464477539063e-8,"y":0.8999999761581421,"z":0.07400000095367432},"rotation":{"x":-0.18053552508354188,"y":0.6518570184707642,"z":-0.16388575732707978,"w":-0.7180773615837097},"size":4.4200439453125,"orthographic":false}