{"cameraMode":{"drawMode":0,"name":"Shaded","section":"Shading Mode"},"sceneLighting":true,"audioPlay":false,"sceneViewState":{"showFog":true,"showMaterialUpdate":false,"showSkybox":true,"showFlares":true,"showImageEffects":true,"showParticleSystems":true},"in2DMode":false,"pivot":{"x":-2.3020424842834474,"y":-0.08305931091308594,"z":3.4036664962768556},"rotation":{"x":-0.3026088774204254,"y":0.10324060171842575,"z":-0.032992783933877948,"w":-0.9469361305236816},"size":9.196247100830079,"orthographic":false}