{"cameraMode":{"drawMode":0,"name":"Shaded","section":"Shading Mode"},"sceneLighting":true,"audioPlay":false,"sceneViewState":{"showFog":true,"showMaterialUpdate":false,"showSkybox":true,"showFlares":true,"showImageEffects":true,"showParticleSystems":true},"in2DMode":false,"pivot":{"x":0.9639816284179688,"y":1.7620887756347657,"z":0.9015324711799622},"rotation":{"x":-0.18053552508354188,"y":0.6518570184707642,"z":-0.16388575732707978,"w":-0.7180773615837097},"size":7.128060340881348,"orthographic":false}