{"cameraMode":{"drawMode":0,"name":"Shaded","section":"Shading Mode"},"sceneLighting":true,"audioPlay":false,"sceneViewState":{"showFog":true,"showMaterialUpdate":false,"showSkybox":true,"showFlares":true,"showImageEffects":true,"showParticleSystems":true},"in2DMode":false,"pivot":{"x":671.7476196289063,"y":-690.8541259765625,"z":1187.5018310546875},"rotation":{"x":-0.2364967316389084,"y":-0.25298577547073367,"z":0.06393039226531983,"w":-0.9359514713287354},"size":2089.53076171875,"orthographic":false}