{"cameraMode":{"drawMode":0,"name":"Shaded","section":"Shading Mode"},"sceneLighting":true,"audioPlay":false,"sceneViewState":{"showFog":true,"showMaterialUpdate":false,"showSkybox":true,"showFlares":true,"showImageEffects":true,"showParticleSystems":true},"in2DMode":false,"pivot":{"x":41.67399215698242,"y":-16.590087890625,"z":239.94192504882813},"rotation":{"x":0.6639695763587952,"y":0.031374942511320117,"z":-0.027903586626052858,"w":0.7465807199478149},"size":187.49623107910157,"orthographic":false}