{"cameraMode":{"drawMode":0,"name":"Shaded","section":"Shading Mode"},"sceneLighting":true,"audioPlay":false,"sceneViewState":{"showFog":true,"showMaterialUpdate":false,"showSkybox":true,"showFlares":true,"showImageEffects":true,"showParticleSystems":true},"in2DMode":false,"pivot":{"x":135.92762756347657,"y":-67.26612854003906,"z":446.5673522949219},"rotation":{"x":0.07154617458581925,"y":0.13868819177150727,"z":-0.010054054670035839,"w":0.98773193359375},"size":501.6035461425781,"orthographic":false}